S.No,College Name,City,State
1,India Institute of Technology," Chennai",Tamil Nadu
2,Nehru Institute Of Technology," Coimbatore",Tamil Nadu
3,THIAGARAJAR COLLEGE OF ENGINEERING - [TCE],Madurai,Tamil Nadu
4,KGISL Institute of Technology (KITE),Coimbatore,Tamil Nadu
5,Kongunadu College of Engineering and Technology (Autonomous),Tiruchirappalli,TamilNadu
6,Anna University of Technology,Chennai,Tamil Nadu
7,Coimbatore Institute of Technoloy,Coimbatore,Tamil Nadu
8,PSG College Of Technology,Coimbatore,Tamil Nadu
9,Meenakshi Ramaswamy Engineering College,Tiruchirappalli,TamilNadu
10,VELAMMAL COLLEGE OF ENGINEERING AND TECHNOLOGY - [VCET],Madurai,Tamil Nadu
,,,
11,ABC College,Coimbatore,TamilNadu
